{
    "26e0a8f7-e120-4c51-9cd3-5492d9b8fd1e": {
        "id": "26e0a8f7-e120-4c51-9cd3-5492d9b8fd1e",
        "name": "Google Search",
        "keyword": "g",
        "cmd": "https://google.com/search?q=%s",
        "icon": "/usr/share/ulauncher/media/google-search-icon.png",
        "is_default_search": true,
        "run_without_argument": false,
        "added": 1653366106.93574
    },
    "15abb8ed-0eb4-45a5-88e7-1b43fb68c7a6": {
        "id": "15abb8ed-0eb4-45a5-88e7-1b43fb68c7a6",
        "name": "Stack Overflow",
        "keyword": "so",
        "cmd": "https://stackoverflow.com/search?q=%s",
        "icon": "/usr/share/ulauncher/media/stackoverflow-icon.svg",
        "is_default_search": true,
        "run_without_argument": false,
        "added": 1653366106.9464629
    },
    "d6215ce5-47e0-4995-a498-90e748c8ab17": {
        "id": "d6215ce5-47e0-4995-a498-90e748c8ab17",
        "name": "Wikipedia",
        "keyword": "wiki",
        "cmd": "https://en.wikipedia.org/wiki/%s",
        "icon": "/usr/share/ulauncher/media/wikipedia-icon.png",
        "is_default_search": true,
        "run_without_argument": false,
        "added": 1653366106.9465215
    }
}