<?xml version="1.0" encoding="UTF-8"?>

<channel name="displays" version="1.0">
  <property name="ActiveProfile" type="string" value="Default"/>
  <property name="Default" type="empty">
    <property name="Virtual1" type="string" value="Virtual1">
      <property name="Active" type="bool" value="true"/>
      <property name="EDID" type="string" value=""/>
      <property name="Resolution" type="string" value="1280x768"/>
      <property name="RefreshRate" type="double" value="59.870228"/>
      <property name="Rotation" type="int" value="0"/>
      <property name="Reflection" type="string" value="0"/>
      <property name="Primary" type="bool" value="true"/>
      <property name="Scale" type="empty">
        <property name="X" type="double" value="1.000000"/>
        <property name="Y" type="double" value="1.000000"/>
      </property>
      <property name="Position" type="empty">
        <property name="X" type="int" value="0"/>
        <property name="Y" type="int" value="0"/>
      </property>
    </property>
    <property name="Virtual-1" type="string" value="Red Hat, Inc. 15&quot;">
      <property name="Active" type="bool" value="true"/>
      <property name="EDID" type="string" value="19821ae4de9e0d3dc994c8dcce178ba0471d41de"/>
      <property name="Resolution" type="string" value="1360x768"/>
      <property name="RefreshRate" type="double" value="60.015162"/>
      <property name="Rotation" type="int" value="0"/>
      <property name="Reflection" type="string" value="0"/>
      <property name="Primary" type="bool" value="false"/>
      <property name="Scale" type="empty">
        <property name="X" type="double" value="1.000000"/>
        <property name="Y" type="double" value="1.000000"/>
      </property>
      <property name="Position" type="empty">
        <property name="X" type="int" value="0"/>
        <property name="Y" type="int" value="0"/>
      </property>
    </property>
  </property>
  <property name="Fallback" type="empty">
    <property name="Virtual1" type="string" value="Virtual1">
      <property name="Active" type="bool" value="true"/>
      <property name="EDID" type="string" value=""/>
      <property name="Resolution" type="string" value="1280x768"/>
      <property name="RefreshRate" type="double" value="59.870228"/>
      <property name="Rotation" type="int" value="0"/>
      <property name="Reflection" type="string" value="0"/>
      <property name="Primary" type="bool" value="true"/>
      <property name="Scale" type="empty">
        <property name="X" type="double" value="1.000000"/>
        <property name="Y" type="double" value="1.000000"/>
      </property>
      <property name="Position" type="empty">
        <property name="X" type="int" value="0"/>
        <property name="Y" type="int" value="0"/>
      </property>
    </property>
    <property name="Virtual-1" type="string" value="Red Hat, Inc. 15&quot;">
      <property name="Active" type="bool" value="true"/>
      <property name="EDID" type="string" value="19821ae4de9e0d3dc994c8dcce178ba0471d41de"/>
      <property name="Resolution" type="string" value="1360x768"/>
      <property name="RefreshRate" type="double" value="60.015162"/>
      <property name="Rotation" type="int" value="0"/>
      <property name="Reflection" type="string" value="0"/>
      <property name="Primary" type="bool" value="false"/>
      <property name="Scale" type="empty">
        <property name="X" type="double" value="1.000000"/>
        <property name="Y" type="double" value="1.000000"/>
      </property>
      <property name="Position" type="empty">
        <property name="X" type="int" value="0"/>
        <property name="Y" type="int" value="0"/>
      </property>
    </property>
  </property>
</channel>
